133526.50;2446.13;529893.44;212481.90;35882.75;25-03-2021;16:33:17
133526.50;2446.13;529893.44;212481.90;35882.75;25-03-2021;16:33:35
133526.50;2446.13;529893.44;212481.90;35882.75;25-03-2021;16:36:06
133526.50;2446.13;529893.44;212513.62;35882.75;25-03-2021;18:00:00
133603.39;2446.13;530785.87;212182.96;36614.25;26-03-2021;13:00:02
136403.39;2446.13;529650.56;193847.04;36614.25;26-03-2021;18:00:01
138603.42;2446.13;510862.28;190564.06;37484.03;29-03-2021;18:00:02
138852.62;2469.13;511547.01;190897.37;37934.03;30-03-2021;13:00:02
144843.23;2480.63;510209.24;198219.95;40281.23;30-03-2021;18:00:02
145735.22;2559.63;498937.10;185406.10;40281.23;31-03-2021;13:00:02
156478.15;2591.13;498937.10;195950.73;40281.23;31-03-2021;18:00:02
166290.19;2591.13;510678.99;203780.71;50117.57;01-04-2021;13:00:02
168923.93;2591.13;514196.08;206783.36;50117.57;01-04-2021;18:00:02
169394.81;2591.13;516186.08;207335.94;50117.57;02-04-2021;13:00:02
170205.39;2626.13;516186.08;207407.88;50117.57;02-04-2021;18:00:02
170205.39;2626.13;516186.08;207407.88;50117.57;03-04-2021;13:00:02
170205.39;2626.13;516186.08;207407.88;50117.57;03-04-2021;18:00:02
170205.39;2626.13;516186.08;207407.88;50117.57;04-04-2021;13:00:02
170205.39;2626.13;516186.08;207407.88;50117.57;04-04-2021;18:00:02
170205.39;2626.13;516186.08;207407.88;50117.57;05-04-2021;13:00:02
170205.39;2626.13;516186.08;207407.88;50117.57;05-04-2021;18:00:02
170165.01;2626.13;516203.82;207367.50;50117.57;06-04-2021;13:00:02
170165.01;2626.13;532328.84;207367.50;54520.51;06-04-2021;18:00:02
170660.77;2662.63;534401.62;189470.65;56219.51;07-04-2021;13:00:02
170741.67;2662.63;534401.62;189487.60;56219.51;07-04-2021;18:00:02
171476.10;2662.63;534401.62;190365.76;56219.51;08-04-2021;13:00:02
172564.74;2675.13;534401.62;191709.15;56219.51;08-04-2021;18:00:02
172621.38;2675.13;535133.62;178619.64;56459.51;09-04-2021;13:00:02
172621.38;2675.13;535768.56;174481.74;56459.51;09-04-2021;18:00:02
172659.36;2675.13;537521.70;174528.08;56459.51;10-04-2021;13:00:02
172659.36;2675.13;537521.70;174528.08;56459.51;10-04-2021;18:00:02
172659.36;2675.13;537521.70;174528.08;56459.51;11-04-2021;13:00:02
172659.36;2675.13;537521.70;174528.08;56459.51;11-04-2021;18:00:02
173134.26;2675.13;537521.70;174793.77;56459.51;12-04-2021;13:00:02
173134.26;2675.13;541382.10;174365.64;57972.71;12-04-2021;18:00:02
174504.94;2687.63;541382.10;175896.09;57972.71;13-04-2021;13:00:02
174504.94;2687.63;541382.10;175896.09;57972.71;13-04-2021;18:00:01
175818.54;2687.63;541382.10;177497.20;57972.71;14-04-2021;13:00:03
175884.54;2687.63;541382.10;177577.72;57972.71;14-04-2021;18:00:02
176293.96;2687.63;541382.10;178071.58;57972.71;15-04-2021;13:00:03
179153.06;2957.63;541572.03;181200.68;57972.71;15-04-2021;18:00:02
179109.34;2957.63;540600.55;177085.45;57972.71;16-04-2021;13:00:02
179166.22;2957.63;540600.55;177154.84;57972.71;16-04-2021;18:00:02
179481.22;2969.13;540600.55;177554.39;57972.71;17-04-2021;13:00:02
179481.22;2969.13;540600.55;177554.39;57972.71;17-04-2021;18:00:02
179481.22;2969.13;540600.55;177554.39;57972.71;18-04-2021;13:00:02
179481.22;2969.13;540600.55;177554.39;57972.71;18-04-2021;18:00:02
179665.46;2994.13;540600.55;176304.31;57972.71;19-04-2021;13:00:02
179665.46;2994.13;540600.55;143411.64;57972.71;19-04-2021;18:00:02
180044.42;3006.63;540681.31;143840.32;57972.71;20-04-2021;13:00:02
180534.42;3006.63;540673.41;143309.49;57972.71;20-04-2021;18:00:01
180700.22;3041.63;540673.41;143510.29;57972.71;21-04-2021;13:00:01
183968.39;3041.63;541019.26;147498.67;57972.71;21-04-2021;18:00:01
184502.91;3066.63;541019.26;148058.19;57972.71;22-04-2021;13:00:01
186152.05;3079.13;541019.26;150082.45;57972.71;22-04-2021;18:00:01
189141.92;3116.63;574385.04;149815.48;91338.49;23-04-2021;13:00:01
192493.25;3141.63;574224.22;152716.46;91338.49;23-04-2021;18:00:02
195366.28;3175.63;574224.22;155694.22;91338.49;24-04-2021;13:00:01
198368.74;3225.63;574224.22;159418.21;91338.49;24-04-2021;18:00:02
198368.74;3225.63;574224.22;159418.21;91338.49;25-04-2021;13:00:02
198368.74;3225.63;574224.22;159418.21;91338.49;25-04-2021;18:00:02
203664.55;3435.63;574224.22;164976.34;91338.49;26-04-2021;13:00:02
205546.20;3465.63;574224.22;166887.99;91338.49;26-04-2021;18:00:01
207805.86;3523.13;574224.22;169603.62;91338.49;27-04-2021;13:00:02
207805.86;3523.13;577229.30;165532.67;91473.33;27-04-2021;18:00:02
215243.22;3535.63;579304.30;171700.01;91473.33;28-04-2021;13:00:02
225155.02;3535.63;579704.30;183018.29;91473.33;28-04-2021;18:00:02
225634.13;3535.63;579763.78;183180.26;91473.33;29-04-2021;13:00:02
230482.05;3783.63;582813.78;188553.23;91473.33;29-04-2021;18:00:02
230482.05;3783.63;582813.78;188096.39;91473.33;30-04-2021;13:00:02
241184.86;3783.63;582813.78;199274.39;91473.33;30-04-2021;18:00:02
241701.41;3783.63;582813.78;199811.30;91473.33;01-05-2021;13:00:02
241701.41;3783.63;582813.78;199811.30;91473.33;01-05-2021;18:00:02
241701.41;3783.63;582813.78;199811.30;91473.33;02-05-2021;13:00:02
241701.41;3783.63;582813.78;199811.30;91473.33;02-05-2021;18:00:02
246198.11;3783.63;582813.78;205297.27;91473.33;03-05-2021;13:00:02
246198.11;3783.63;584948.32;205297.27;96388.91;03-05-2021;18:00:02
246486.89;3832.63;582598.52;190075.25;96388.91;04-05-2021;13:00:02
246988.05;3857.63;564718.77;190468.25;96588.91;04-05-2021;18:00:02
247698.04;3857.63;528264.06;173583.87;96588.91;05-05-2021;13:00:02
247780.15;3872.63;528264.06;173680.98;96588.91;05-05-2021;18:00:02
249871.27;3872.63;528619.79;174107.60;96588.91;06-05-2021;13:00:02
251793.47;3872.63;529348.86;176452.69;97186.51;06-05-2021;18:00:02
251889.92;3872.63;529348.86;175156.09;97186.51;07-05-2021;13:00:02
252604.34;4627.63;532207.56;176625.51;99529.71;07-05-2021;18:00:02
253936.97;4627.63;532207.56;178251.32;99529.71;08-05-2021;13:00:02
253936.97;4627.63;532207.56;178251.32;99529.71;08-05-2021;18:00:02
253936.97;4627.63;532207.56;178251.32;99529.71;09-05-2021;13:00:02
253936.97;4627.63;532207.56;178251.32;99529.71;09-05-2021;18:00:02
254339.19;4647.63;532207.56;178680.05;99529.71;10-05-2021;13:00:02
254339.19;4647.63;532329.60;176297.67;99778.91;10-05-2021;18:00:02
254339.19;4647.63;532329.60;176297.67;99778.91;11-05-2021;13:00:02
255818.78;4672.63;532329.60;174450.64;99778.91;11-05-2021;18:00:02
257190.22;4718.13;553352.68;174370.07;120801.99;12-05-2021;13:00:02
257190.22;4718.13;553352.68;174370.07;120801.99;12-05-2021;18:00:02
259354.69;4757.13;553352.68;176898.82;120801.99;13-05-2021;13:00:02
260417.61;4769.63;553352.68;178212.29;120801.99;13-05-2021;18:00:02
260784.93;4769.63;553144.77;176109.15;120801.99;14-05-2021;13:00:02
263555.63;4769.63;554463.61;179129.42;120801.99;14-05-2021;18:00:02
263555.63;4769.63;554463.61;179129.42;120801.99;15-05-2021;13:00:02
263555.63;4769.63;554463.61;179129.42;120801.99;15-05-2021;18:00:02
263555.63;4769.63;554463.61;179129.42;120801.99;16-05-2021;13:00:02
263555.63;4769.63;554463.61;179129.42;120801.99;16-05-2021;18:00:02
295834.04;4794.63;554463.61;211497.16;120801.99;17-05-2021;13:00:02
295834.04;4794.63;554463.61;211442.81;120801.99;17-05-2021;18:00:02
292613.68;4740.63;554463.61;208169.95;120801.99;18-05-2021;13:00:02
293077.76;4740.63;554463.61;208737.35;120801.99;18-05-2021;18:00:02
298088.71;5010.13;554796.96;209978.25;120863.88;19-05-2021;13:00:02
299168.11;5010.13;554724.10;190952.10;120863.88;19-05-2021;18:00:02
300430.30;5010.13;554724.10;192466.94;120863.88;20-05-2021;13:00:02
300425.70;5010.13;554724.10;192009.70;120863.88;20-05-2021;18:00:02
300640.69;5010.13;554724.10;192251.78;120863.88;21-05-2021;13:00:02
300640.69;5010.13;554724.10;192251.78;120863.88;21-05-2021;18:00:02
300640.69;5010.13;554724.10;192251.78;120863.88;22-05-2021;13:00:02
300640.69;5010.13;554724.10;192251.78;120863.88;22-05-2021;18:00:02
300640.69;5010.13;554724.10;192251.78;120863.88;23-05-2021;13:00:02
300640.69;5010.13;554724.10;192251.78;120863.88;23-05-2021;18:00:02
301346.95;5035.13;554724.10;193120.50;120863.88;24-05-2021;13:00:02
301346.95;5035.13;554724.10;193088.78;120863.88;24-05-2021;18:00:02
302616.47;5035.13;554724.10;194617.04;120863.88;25-05-2021;13:00:02
303138.47;5035.13;556461.56;193713.92;121193.88;25-05-2021;18:00:02
304816.33;5099.63;556333.00;195430.35;121193.88;26-05-2021;13:00:02
307939.46;5112.13;556333.00;192031.33;121193.88;26-05-2021;18:00:02
312941.11;5127.13;556516.61;197721.76;121193.88;27-05-2021;13:00:03
313407.31;5139.63;556516.61;198307.38;121193.88;27-05-2021;18:00:02
313623.81;5139.63;374174.84;198325.91;121193.88;28-05-2021;13:00:02
313623.81;5139.63;374692.08;197205.90;121193.88;28-05-2021;18:00:02
313623.81;5139.63;374692.08;197205.90;121193.88;29-05-2021;13:00:02
313623.81;5139.63;374692.08;197205.90;121193.88;29-05-2021;18:00:02
313623.81;5139.63;374692.08;197205.90;121193.88;30-05-2021;13:00:02
313623.81;5139.63;374692.08;197205.90;121193.88;30-05-2021;18:00:02
315179.88;5152.13;376668.08;198691.13;123169.88;31-05-2021;13:00:03
320568.43;5172.13;377920.08;204201.80;123169.88;31-05-2021;18:00:02
320568.43;5172.13;383240.08;204201.80;127580.36;01-06-2021;13:00:03
327092.27;5172.13;347529.41;185546.35;127580.36;01-06-2021;18:00:02
330295.62;5172.13;347529.41;189404.18;127580.36;02-06-2021;13:00:02
330295.62;5172.13;347529.41;189404.18;127580.36;02-06-2021;18:00:02
331461.34;5192.13;350994.41;190819.26;127580.36;03-06-2021;13:00:07
331659.34;5192.13;350994.41;191111.08;127580.36;03-06-2021;18:00:02
332659.44;5243.63;350994.41;192130.01;127580.36;04-06-2021;13:00:02
333123.76;5243.63;351111.58;190351.74;127580.36;04-06-2021;18:00:02
333703.01;5243.63;351130.42;194293.51;127580.36;07-06-2021;13:00:02
333703.01;5243.63;351130.42;194293.51;127580.36;07-06-2021;18:00:01
333918.07;5243.63;351253.30;194405.17;127580.36;08-06-2021;13:00:01
333918.07;5243.63;351253.30;194405.17;127580.36;08-06-2021;18:00:01
335580.57;5256.13;351253.30;195890.90;127580.36;09-06-2021;13:00:01
336504.57;5256.13;351379.07;195848.87;127580.36;09-06-2021;18:00:02
336694.41;5256.13;351379.07;196040.28;127580.36;10-06-2021;13:00:01
341086.16;5321.63;351379.07;200635.17;127580.36;10-06-2021;18:00:02
341280.15;5321.63;351379.07;200729.59;127580.36;11-06-2021;13:00:03
341280.15;5321.63;351757.60;197841.90;128300.47;11-06-2021;18:00:03
341280.15;5321.63;351757.60;197841.90;128300.47;12-06-2021;13:00:02
341280.15;5321.63;351757.60;197841.90;128300.47;12-06-2021;18:00:03
341280.15;5321.63;351757.60;197841.90;128300.47;13-06-2021;13:00:02
341280.15;5321.63;351757.60;197841.90;128300.47;13-06-2021;18:00:03
342921.99;5426.63;351880.22;199687.32;128300.47;14-06-2021;13:00:02
343252.98;5439.13;348075.90;198885.40;128300.47;14-06-2021;18:00:03
343535.79;5439.13;348075.90;197179.08;128300.47;15-06-2021;13:00:02
345568.99;5439.13;348075.90;199659.58;128300.47;15-06-2021;18:00:02
345714.27;5451.63;347653.50;199745.27;128300.47;16-06-2021;13:00:02
346223.06;5488.13;349545.50;200323.74;128300.47;16-06-2021;18:00:02
347415.11;5488.13;349526.66;201650.53;128300.47;17-06-2021;13:00:02
347452.48;5488.13;349526.66;201696.12;128300.47;17-06-2021;18:00:02
349035.33;5488.13;349518.22;189878.79;128335.47;18-06-2021;13:00:02
349517.18;5500.63;349518.22;190407.48;129559.47;18-06-2021;18:00:02
349517.18;5500.63;349518.22;190407.48;129559.47;19-06-2021;13:00:02
349517.18;5500.63;349518.22;190407.48;129559.47;19-06-2021;18:00:02
349517.18;5500.63;349518.22;190407.48;129559.47;20-06-2021;13:00:02
349517.18;5500.63;349518.22;190407.48;129559.47;20-06-2021;18:00:02
353762.93;5513.13;349518.22;194681.47;129559.47;21-06-2021;13:00:02
355769.03;5538.13;356044.12;197069.88;135500.17;21-06-2021;18:00:02
356823.25;5568.13;356044.12;195694.59;135500.17;22-06-2021;13:00:02
356823.25;5568.13;355274.75;193453.33;135500.17;22-06-2021;18:00:02
357602.95;5618.13;356024.75;194433.15;135500.17;23-06-2021;13:00:02
369316.28;5630.63;352647.84;195939.97;135500.17;23-06-2021;18:00:02
369417.49;5630.63;352647.84;196058.55;135500.17;24-06-2021;13:00:02
370089.27;5643.13;352525.39;193892.77;135500.17;24-06-2021;18:00:02
376228.09;5643.13;352668.91;200959.45;135500.17;25-06-2021;13:00:02
376836.34;5643.13;352668.91;195912.49;135500.17;25-06-2021;18:00:02
376836.34;5643.13;352668.91;195912.48;135500.17;26-06-2021;13:00:02
376836.34;5643.13;352668.91;195912.48;135500.17;26-06-2021;18:00:02
376836.34;5643.13;352668.91;195912.48;135500.17;27-06-2021;13:00:02
376836.34;5643.13;352668.91;195912.48;135500.17;27-06-2021;18:00:02
377155.11;5643.13;352791.43;195526.67;135500.17;28-06-2021;13:00:02
378555.81;5655.63;355888.47;196952.40;135500.17;28-06-2021;18:00:02
378636.29;5655.63;357263.47;188293.20;135500.17;29-06-2021;13:00:02
380179.70;5773.13;350889.39;190001.02;135500.17;29-06-2021;18:00:02
380331.85;5773.13;346074.46;188988.66;135500.17;30-06-2021;13:00:02
381249.02;5785.63;346074.46;190124.08;135500.17;30-06-2021;18:00:02
381316.80;5785.63;346074.46;189855.06;135500.17;01-07-2021;13:00:02
381316.80;5785.63;338524.94;189855.06;136090.17;01-07-2021;18:00:02
381344.00;5785.63;339261.56;188320.25;136090.17;02-07-2021;13:00:02
381344.00;5785.63;339261.56;171682.34;136090.17;02-07-2021;18:00:02
381344.00;5785.63;339261.56;171682.34;136090.17;03-07-2021;13:00:02
381344.00;5785.63;339261.56;171682.34;136090.17;03-07-2021;18:00:02
381344.00;5785.63;339261.56;171682.34;136090.17;04-07-2021;13:00:02
381344.00;5785.63;339261.56;171682.34;136090.17;04-07-2021;18:00:02
381089.77;5760.63;336682.76;171427.25;136804.17;05-07-2021;13:00:02
381089.77;5760.63;337518.51;171427.25;136804.17;05-07-2021;18:00:02
381508.81;5760.63;337640.67;171887.68;136804.17;06-07-2021;13:00:02
381508.81;5760.63;337640.67;171887.68;136804.17;06-07-2021;18:00:02
382333.73;5760.63;337640.67;172893.34;136804.17;07-07-2021;13:00:02
382353.17;5760.63;339792.75;172917.06;136804.17;07-07-2021;18:00:02
382505.24;5760.63;339792.75;173098.37;136804.17;08-07-2021;13:00:02
382745.50;5760.63;339792.75;172918.65;136804.17;08-07-2021;18:00:02
382745.50;5760.63;339792.75;172156.13;136804.17;09-07-2021;13:00:02
382935.67;5760.63;339792.75;172156.13;136804.17;09-07-2021;18:00:03
382935.67;5760.63;339792.75;172156.13;136804.17;10-07-2021;13:00:02
382935.67;5760.63;339792.75;172156.13;136804.17;10-07-2021;18:00:02
382935.67;5760.63;339792.75;172156.13;136804.17;11-07-2021;13:00:02
382935.67;5760.63;339792.75;172156.13;136804.17;11-07-2021;18:00:02
382935.67;5760.63;339921.41;172047.67;136804.17;12-07-2021;13:00:02
382935.67;5760.63;339921.41;172047.67;136804.17;12-07-2021;18:00:02
383563.52;5773.13;339921.41;172815.47;136804.17;13-07-2021;13:00:02
383563.52;5773.13;339994.61;172815.47;136864.17;13-07-2021;18:00:02
385280.29;5773.13;339994.61;171739.31;136864.17;14-07-2021;13:00:02
390741.98;5785.63;354579.06;177243.44;151448.62;14-07-2021;18:00:02
390778.02;5785.63;354701.76;177285.91;151448.62;15-07-2021;13:00:02
391432.13;5850.13;356553.76;178026.56;151448.62;15-07-2021;18:00:02
391601.76;5860.13;356553.76;178206.19;151448.62;16-07-2021;13:00:02
391885.50;5860.13;356538.64;175591.82;151448.62;16-07-2021;18:00:03
391885.50;5860.13;356538.64;175591.82;151448.62;17-07-2021;13:00:02
391885.50;5860.13;356538.64;175591.82;151448.62;17-07-2021;18:00:02
391885.50;5860.13;356538.64;175591.82;151448.62;18-07-2021;13:00:03
391885.50;5860.13;356538.64;175591.82;151448.62;18-07-2021;18:00:02
392263.68;5887.63;356538.64;176008.32;151448.62;19-07-2021;13:00:02
392354.92;5887.63;356538.64;176089.87;151448.62;19-07-2021;18:00:03
392564.44;5900.13;356975.30;176089.87;151448.62;20-07-2021;13:00:02
392564.44;5900.13;356796.00;175822.05;151448.62;20-07-2021;18:00:02
392564.44;5900.13;356796.00;175709.14;151448.62;21-07-2021;13:00:10
392564.44;5900.13;356796.00;175709.14;151448.62;21-07-2021;18:00:02
403311.09;5907.13;356796.00;186481.89;151448.62;22-07-2021;13:00:02
405131.75;6477.13;356796.00;189275.54;151448.62;22-07-2021;18:00:02
405140.68;6477.13;356796.00;189284.47;151448.62;23-07-2021;13:00:02
405140.68;6477.13;356796.00;189284.47;151448.62;23-07-2021;18:00:02
405140.68;6477.13;356796.00;189284.47;151448.62;24-07-2021;13:00:02
405140.68;6477.13;356796.00;189284.47;151448.62;24-07-2021;18:00:02
405140.68;6477.13;356796.00;189284.47;151448.62;25-07-2021;13:00:02
405140.68;6477.13;356796.00;189284.47;151448.62;25-07-2021;18:00:03
405311.66;6477.13;356796.00;189473.05;151448.62;26-07-2021;13:00:02
405327.26;6489.63;356796.00;189508.55;151448.62;26-07-2021;18:00:03
411495.87;6489.63;356796.00;195955.95;151448.62;27-07-2021;13:00:02
411794.32;6502.13;356796.00;196336.53;151448.62;27-07-2021;18:00:03
412431.27;6502.13;356796.00;196595.56;151448.62;28-07-2021;13:00:03
412564.00;6514.63;356796.00;196682.65;151448.62;28-07-2021;18:00:02
414577.25;6527.13;369775.12;199103.35;160646.74;29-07-2021;13:00:02
416717.68;6527.13;373871.26;201634.15;160646.74;29-07-2021;18:00:02
425209.73;6527.13;371254.36;209769.17;160646.74;30-07-2021;13:00:02
431569.19;6682.13;371254.36;216631.16;160646.74;30-07-2021;18:00:06
437819.36;6694.63;371571.77;224096.75;160806.74;31-07-2021;13:00:02
439290.21;6694.63;371571.77;225891.19;160806.74;31-07-2021;18:00:02
439290.21;6694.63;371571.77;225891.19;160806.74;01-08-2021;13:00:02
439290.21;6694.63;371571.77;225891.19;160806.74;01-08-2021;18:00:02
440626.72;6694.63;372547.28;227479.15;162014.00;02-08-2021;13:00:02
440985.71;6694.63;359933.06;227917.11;162014.00;02-08-2021;18:00:02
441183.02;6715.22;359933.06;227013.10;162014.00;03-08-2021;13:00:02
441183.02;6715.22;367008.50;226885.61;165846.00;03-08-2021;18:00:02
441768.49;6775.22;367008.50;227533.21;165846.00;04-08-2021;13:00:02
441768.49;6775.22;367008.50;227533.21;165846.00;04-08-2021;18:00:02
442181.57;6787.72;367008.50;228053.64;165846.00;05-08-2021;13:00:02
442181.57;6787.72;367008.50;201644.18;165846.00;05-08-2021;18:00:02
442202.43;6787.72;366763.46;193536.17;165846.00;06-08-2021;13:00:02
442202.43;6787.72;367310.63;193536.17;165846.00;06-08-2021;18:00:02
442257.48;6787.72;367310.63;193591.22;165846.00;07-08-2021;13:00:02
442257.48;6787.72;367310.63;193591.22;165846.00;07-08-2021;18:00:02
442257.48;6787.72;367310.63;193591.22;165846.00;08-08-2021;13:00:02
442257.48;6787.72;367310.63;193591.22;165846.00;08-08-2021;18:00:02
442511.90;6787.72;370121.16;193265.97;165846.00;09-08-2021;13:00:02
442511.90;6787.72;370121.16;193210.92;165846.00;09-08-2021;18:00:02
444196.82;6787.72;370121.16;193303.12;165846.00;10-08-2021;13:00:02
442471.12;6787.72;370245.77;191197.76;165846.00;10-08-2021;18:00:02
442494.52;6787.72;370245.77;191219.43;165846.00;11-08-2021;13:00:02
443014.52;6811.72;373147.77;191883.11;165846.00;11-08-2021;18:00:02
443329.36;6811.72;373313.37;191374.52;165846.00;12-08-2021;13:00:02
443329.36;6811.72;373289.89;191374.52;165846.00;12-08-2021;18:00:02
443612.38;6835.72;373289.89;191319.59;165846.00;13-08-2021;13:00:02
443555.40;6835.72;374281.89;191250.07;165846.00;13-08-2021;18:00:03
443555.40;6835.72;374281.89;191250.07;165846.00;14-08-2021;13:00:02
443555.40;6835.72;374281.89;191250.07;165846.00;14-08-2021;18:00:02
443555.40;6835.72;374281.89;191250.07;165846.00;15-08-2021;13:00:02
443555.40;6835.72;374281.89;191250.07;165846.00;15-08-2021;18:00:02
443555.40;6835.72;374281.89;191250.07;165846.00;16-08-2021;13:00:02
443555.40;6835.72;374281.89;191250.07;165846.00;16-08-2021;18:00:02
443555.40;6835.72;374281.89;191250.07;165846.00;17-08-2021;13:00:02
443555.40;6835.72;374281.89;191250.07;165846.00;17-08-2021;18:00:02
443555.40;6835.72;374281.89;191250.07;165846.00;18-08-2021;13:00:02
443555.40;6835.72;374281.89;191250.07;165846.00;18-08-2021;18:00:02
443694.35;6835.72;374281.89;191419.58;165846.00;19-08-2021;13:00:04
443694.35;6835.72;374281.89;191419.58;165846.00;19-08-2021;18:00:02
443694.35;6835.72;374281.89;191419.58;165846.00;20-08-2021;13:00:01
443694.35;6835.72;374281.89;191419.58;165846.00;20-08-2021;18:00:02
443694.35;6835.72;374281.89;191419.58;165846.00;21-08-2021;13:00:01
443694.35;6835.72;374281.89;191419.58;165846.00;21-08-2021;18:00:02
443694.35;6835.72;374281.89;191419.58;165846.00;22-08-2021;13:00:01
443694.35;6835.72;374281.89;191419.58;165846.00;22-08-2021;18:00:02
443881.70;6835.72;374281.89;191606.93;165846.00;23-08-2021;13:00:01
443881.70;6835.72;374404.16;191606.93;165846.00;23-08-2021;18:00:01
444359.21;6835.72;374230.59;175808.06;165846.00;24-08-2021;13:00:01
444349.31;6835.72;372582.60;174122.27;165846.00;24-08-2021;18:00:02
444689.13;6859.72;372582.60;174494.43;165846.00;25-08-2021;13:00:01
444749.43;6859.72;373120.53;174493.58;165846.00;25-08-2021;18:00:02
444844.26;6859.72;373120.53;174609.27;165846.00;26-08-2021;13:00:01
444844.26;6859.72;373120.53;174609.27;165846.00;26-08-2021;18:00:02
445100.98;6884.72;373242.86;174570.61;165846.00;27-08-2021;13:00:01
445100.98;6884.72;373120.27;164791.62;165846.00;27-08-2021;18:00:02
445100.98;6884.72;373120.27;164791.62;165846.00;28-08-2021;13:00:02
445100.98;6884.72;373120.27;164791.62;165846.00;28-08-2021;18:00:02
445100.98;6884.72;373120.27;164791.62;165846.00;29-08-2021;13:00:02
445100.98;6884.72;373120.27;164791.62;165846.00;29-08-2021;18:00:02
445408.25;6899.72;373120.27;165113.89;165846.00;30-08-2021;13:00:03
445408.25;6899.72;378432.92;164152.42;168645.50;30-08-2021;18:00:02
462247.25;6899.72;346490.21;181072.72;185123.27;31-08-2021;13:00:01
470755.32;6949.72;343842.17;179619.06;185123.27;31-08-2021;18:00:02
473769.63;6975.72;345851.82;183202.15;186439.77;01-09-2021;13:00:03
473769.63;7101.72;344886.78;183328.15;186439.77;01-09-2021;18:00:02
474485.11;7101.72;344886.78;184168.41;186439.77;02-09-2021;13:00:03
474485.11;7101.72;344940.61;160368.11;186439.77;02-09-2021;18:00:02
474535.19;7114.22;344940.61;160406.29;186439.77;03-09-2021;13:00:02
474535.19;7114.22;344623.29;159890.31;186439.77;03-09-2021;18:00:02
474535.19;7114.22;344623.29;159890.31;186439.77;04-09-2021;18:00:10
474535.19;7114.22;344623.29;159890.31;186439.77;05-09-2021;13:00:09
474535.19;7114.22;344623.29;159890.31;186439.77;05-09-2021;18:00:09
474905.45;7126.72;327024.27;149107.19;186439.77;06-09-2021;13:00:02
474905.45;7126.72;327024.27;148480.01;186439.77;06-09-2021;18:00:01
476138.13;7126.72;326997.27;149896.35;186439.77;07-09-2021;13:00:01
476597.89;7126.72;326997.27;150295.67;186439.77;07-09-2021;18:00:01
478744.65;7139.22;326997.27;152475.37;186439.77;08-09-2021;13:00:01
479186.19;7159.22;327003.57;151945.58;186439.77;08-09-2021;18:00:02
479291.74;7159.22;327003.57;152067.81;186439.77;09-09-2021;13:00:01
479304.12;7159.22;327003.57;152082.91;186439.77;09-09-2021;18:00:02
479304.12;7159.22;327003.57;152082.91;186439.77;10-09-2021;13:00:01
479304.12;7159.22;327653.57;150338.86;186439.77;10-09-2021;18:00:02
479304.12;7159.22;327653.57;150338.86;186439.77;11-09-2021;13:00:01
479304.12;7159.22;327653.57;150338.86;186439.77;11-09-2021;18:00:02
479304.12;7159.22;327653.57;150338.86;186439.77;12-09-2021;13:00:01
479304.12;7159.22;327653.57;150338.86;186439.77;12-09-2021;18:00:02
481282.65;7179.22;324404.55;152192.27;186439.77;13-09-2021;13:00:02
481929.41;7216.72;324404.55;153470.15;186439.77;13-09-2021;18:00:02
482141.06;7236.72;324404.55;139957.58;186439.77;14-09-2021;13:00:01
482141.06;7236.72;324404.55;139957.58;186439.77;14-09-2021;18:00:03
483136.15;7249.22;324404.55;134271.24;186439.77;15-09-2021;13:00:02
483288.88;7261.72;324404.55;134472.82;187021.77;15-09-2021;18:00:02
485344.97;7339.17;324404.55;136412.22;187021.77;16-09-2021;13:00:02
485514.10;7339.17;324404.55;134114.27;187021.77;16-09-2021;18:00:02
485580.48;7339.17;324404.55;134180.65;187021.77;17-09-2021;13:00:03
485563.68;7339.17;324404.55;134160.15;187021.77;17-09-2021;18:00:03
485563.68;7339.17;324404.55;134160.15;187021.77;18-09-2021;13:00:02
485563.68;7339.17;324404.55;134160.15;187021.77;18-09-2021;18:00:02
485563.68;7339.17;324404.55;134160.15;187021.77;19-09-2021;13:00:02
485563.68;7339.17;324404.55;134160.15;187021.77;19-09-2021;18:00:02
486067.50;7349.17;325090.24;133969.08;187021.77;20-09-2021;13:00:02
486896.46;7386.67;325704.45;134049.68;187021.77;20-09-2021;18:00:02
486958.15;7386.67;325704.45;132426.45;187021.77;21-09-2021;13:00:03
486958.15;7386.67;325704.45;132192.50;187021.77;21-09-2021;18:00:02
488454.89;7411.67;325704.45;134015.36;187021.77;22-09-2021;13:00:02
488454.89;7411.67;325704.45;134015.36;187021.77;22-09-2021;18:00:02
488819.28;7421.67;325704.45;134449.43;187021.77;23-09-2021;13:00:02
488959.08;7441.67;328281.45;134467.69;187021.77;23-09-2021;18:00:02
497529.90;7441.67;328281.45;142741.24;187021.77;24-09-2021;13:00:02
497704.63;7454.17;330011.71;142969.65;187516.79;24-09-2021;18:00:03
497704.63;7454.17;330011.71;142969.65;187516.79;25-09-2021;13:00:02
497704.63;7454.17;330011.71;142969.65;187516.79;25-09-2021;18:00:03
497880.01;7454.17;330011.71;143183.61;187516.79;26-09-2021;13:00:06
497880.01;7454.17;330011.71;143183.61;187516.79;26-09-2021;18:00:01
513023.38;7454.17;341925.22;153460.82;199411.22;27-09-2021;13:00:02
514896.90;7454.17;341925.22;155746.51;199411.22;27-09-2021;18:00:02
523578.59;7454.17;341925.22;159114.59;199988.72;28-09-2021;13:00:01
525072.97;7474.17;341925.22;160832.98;199988.72;28-09-2021;18:00:02
525072.97;7474.17;341925.22;158467.65;199988.72;29-09-2021;13:00:01
527011.28;7474.17;341925.22;160822.08;199988.72;29-09-2021;18:00:02
536979.35;7668.67;317027.05;171663.40;199988.72;30-09-2021;13:00:03
540112.38;7701.17;317027.05;170156.32;199988.72;30-09-2021;18:00:03
541822.04;7701.17;313559.31;172231.46;203338.60;01-10-2021;13:00:03
541822.04;7701.17;315358.96;162964.01;203338.60;01-10-2021;18:00:02
541822.04;7701.17;315358.96;162964.01;203338.60;02-10-2021;13:00:02
541822.04;7701.17;315358.96;162964.01;203338.60;02-10-2021;18:00:02
541822.04;7701.17;315358.96;162964.01;203338.60;03-10-2021;13:00:02
541822.04;7701.17;315358.96;162964.01;203338.60;03-10-2021;18:00:02
542809.00;7713.67;316732.14;163918.65;203338.60;04-10-2021;13:00:02
542303.70;7713.67;317360.61;163302.18;203338.60;04-10-2021;18:00:02
542718.13;7733.67;317502.67;162759.98;203338.60;05-10-2021;13:00:02
542718.13;7733.67;317515.77;162759.98;203338.60;05-10-2021;18:00:02
543391.55;7755.17;317515.77;162399.53;203338.60;06-10-2021;13:00:02
543391.55;7755.17;317515.77;162489.53;203338.60;06-10-2021;18:00:03
545100.32;7755.17;317515.77;163129.83;203338.60;07-10-2021;13:00:02
545217.55;7755.17;317515.77;163249.53;203338.60;07-10-2021;18:00:02
545217.55;7755.17;317527.30;161429.45;203338.60;08-10-2021;13:00:02
545241.95;7755.17;317527.30;161247.84;203338.60;08-10-2021;18:00:02
545241.95;7755.17;317527.30;161247.84;203338.60;09-10-2021;13:00:02
545241.95;7755.17;317527.30;161247.84;203338.60;09-10-2021;18:00:02
545241.95;7755.17;317527.30;161247.84;203338.60;10-10-2021;13:00:02
545241.95;7755.17;317527.30;161247.84;203338.60;10-10-2021;18:00:02
545817.17;7755.17;312228.64;161847.21;203338.60;11-10-2021;13:00:02
545562.17;7755.17;312228.64;161536.11;203338.60;11-10-2021;18:00:02
545626.18;7755.17;312228.64;161600.12;203338.60;12-10-2021;13:00:02
545626.18;7755.17;312228.64;161600.12;203338.60;12-10-2021;18:00:02
546672.89;7755.17;312664.95;161663.64;203338.60;13-10-2021;13:00:02
547854.29;7755.17;311527.50;159303.03;203338.60;13-10-2021;18:00:02
552300.29;7767.67;311527.50;164742.40;203338.60;14-10-2021;13:00:02
552371.01;7767.67;311527.50;164828.68;203338.60;14-10-2021;18:00:02
552628.09;7767.67;311527.50;165122.68;203338.60;15-10-2021;13:00:02
270.68;7767.67;317816.52;165136.28;206318.20;15-10-2021;17:29:20
270.68;7767.67;317816.52;165136.28;206318.20;15-10-2021;18:00:01
0.00;7767.67;317816.52;165136.28;206318.20;16-10-2021;13:00:01
0.00;7767.67;317816.52;165136.28;206318.20;16-10-2021;18:00:01
0.00;7767.67;317816.52;165136.28;206318.20;17-10-2021;13:00:01
0.00;7767.67;317816.52;165136.28;206318.20;17-10-2021;18:00:01
222.95;7767.67;321318.52;165205.74;206318.20;18-10-2021;13:00:01
327.32;7767.67;321777.24;165333.08;206318.20;18-10-2021;18:00:01
-8287.66;7780.17;320430.87;147277.28;206318.20;19-10-2021;13:00:01
-3102.98;7780.17;320430.87;152466.14;206318.20;19-10-2021;18:00:01
1565.38;7792.67;320483.79;154890.97;206318.20;20-10-2021;13:00:02
1882.51;7822.67;320483.79;154653.59;206318.20;20-10-2021;18:00:01
163.33;7822.67;320483.79;154852.86;206318.20;21-10-2021;13:00:01
311.89;7847.67;320483.79;155018.06;206318.20;21-10-2021;18:00:02
5634.53;7847.67;320483.79;159332.25;206318.20;22-10-2021;18:00:02
0.00;7847.67;320483.79;159332.25;206318.20;23-10-2021;18:00:02
0.00;7847.67;320483.79;159332.25;206318.20;24-10-2021;18:00:02
433.66;7847.67;321112.02;159768.66;206318.20;25-10-2021;18:00:02
576.49;7847.67;321731.54;158458.25;206318.20;26-10-2021;18:00:03
2899.74;7901.28;321813.52;161508.11;206318.20;27-10-2021;18:00:02
3936.46;7901.28;322006.37;163823.16;206318.20;28-10-2021;18:00:02
15013.43;7938.78;324592.60;179765.19;208468.20;29-10-2021;18:00:02
0.00;7938.78;324592.60;171297.90;208468.20;30-10-2021;18:00:10
0.00;7938.78;324592.60;171297.90;208468.20;31-10-2021;18:00:09
0.00;7938.78;324592.60;171297.90;208468.20;01-11-2021;18:00:05
137.72;7938.78;324592.60;171790.17;208468.20;02-11-2021;18:00:03
116.34;7938.78;328370.23;169253.65;209940.59;03-11-2021;18:00:03
1873.00;7938.78;310341.65;161697.57;209992.09;04-11-2021;18:00:02
261.00;7938.78;311290.66;160597.77;210962.09;05-11-2021;18:00:03
0.00;7938.78;311290.66;160597.77;210962.09;06-11-2021;18:00:03
0.00;7938.78;311290.66;160597.77;210962.09;07-11-2021;18:00:10
281.02;7951.28;311412.66;155307.08;210962.09;08-11-2021;18:00:02
53.90;7951.28;311412.66;135185.15;211007.04;09-11-2021;18:00:02
672.69;7963.78;318692.07;135751.69;218286.45;10-11-2021;18:00:03
1569.76;7963.78;318787.56;137664.34;218286.45;11-11-2021;18:00:03
256.94;7963.78;318787.56;137773.95;218328.63;12-11-2021;18:00:03
0.00;7963.78;318787.56;137773.95;218328.63;13-11-2021;18:00:03
0.00;7963.78;318787.56;137773.95;218328.63;14-11-2021;18:00:03
472.66;7963.78;318787.56;136114.76;218328.63;15-11-2021;18:00:02
-2759.26;7963.78;318807.66;132658.14;218328.63;16-11-2021;11:58:49
-2759.26;7963.78;319747.62;132079.44;218328.63;16-11-2021;18:00:01
253.46;7963.78;319588.70;131944.42;218328.63;17-11-2021;18:00:02
2384.50;7963.78;319511.38;134198.55;218328.63;18-11-2021;18:00:02
1878.58;8001.28;330970.58;135229.15;229787.83;19-11-2021;18:00:02
0.00;8001.28;330970.58;135229.15;229787.83;20-11-2021;18:00:02
0.00;8001.28;330970.58;135229.15;229787.83;21-11-2021;18:00:02
688.65;8001.28;331598.79;135264.95;229787.83;22-11-2021;18:00:02
24.70;8001.28;331598.79;134841.58;229787.83;23-11-2021;18:00:02
